{"cameraMode":{"drawMode":0,"name":"Shaded","section":"Shading Mode"},"sceneLighting":true,"audioPlay":false,"sceneViewState":{"m_AlwaysRefresh":false,"showFog":true,"showSkybox":true,"showFlares":true,"showImageEffects":true,"showParticleSystems":true,"showVisualEffectGraphs":true,"m_FxEnabled":true},"in2DMode":false,"pivot":{"x":-0.9842491149902344,"y":1.4576610326766968,"z":0.555571436882019},"rotation":{"x":0.14982149004936219,"y":-0.7600745558738709,"z":0.18866871297359467,"w":0.6035451889038086},"size":1.7955057621002198,"orthographic":false}